<Anims>
 <anim name="idle" root="locust_mob" numframes="1000" framerate="40">
  <frame idx="0" w="860" h="1118" x="-496.900116" y="-770.803894">
   <element name="locust_mob" layername="locust" frame="0" z_index="1" m_a="0.236595" m_b="0.000000" m_c="0.000000" m_d="0.244392" m_tx="-0.032354" m_ty="-3.246896"/>
  </frame>
  <frame idx="25" w="860" h="1118" x="-496.900116" y="-770.803894">
   <element name="locust_mob" layername="locust" frame="0" z_index="1" m_a="0.236595" m_b="0.000000" m_c="0.000000" m_d="0.244392" m_tx="-0.032354" m_ty="-3.246896"/>
  </frame>
  <frame idx="50" w="860" h="1118" x="-496.900116" y="-770.803894">
   <element name="locust_mob" layername="locust" frame="0" z_index="1" m_a="0.236595" m_b="0.000000" m_c="0.000000" m_d="0.244392" m_tx="-0.032354" m_ty="-3.246896"/>
  </frame>
  <frame idx="75" w="860" h="1118" x="-496.900116" y="-770.803894">
   <element name="locust_mob" layername="locust" frame="0" z_index="1" m_a="0.236595" m_b="0.000000" m_c="0.000000" m_d="0.244392" m_tx="-0.032354" m_ty="-3.246896"/>
  </frame>
  <frame idx="100" w="860" h="1118" x="-496.900116" y="-770.803894">
   <element name="locust_mob" layername="locust" frame="0" z_index="1" m_a="0.236595" m_b="0.000000" m_c="0.000000" m_d="0.244392" m_tx="-0.032354" m_ty="-3.246896"/>
  </frame>
  <frame idx="125" w="860" h="1118" x="-496.900116" y="-770.803894">
   <element name="locust_mob" layername="locust" frame="0" z_index="1" m_a="0.236595" m_b="0.000000" m_c="0.000000" m_d="0.244392" m_tx="-0.032354" m_ty="-3.246896"/>
  </frame>
  <frame idx="150" w="860" h="1118" x="-496.900116" y="-770.803894">
   <element name="locust_mob" layername="locust" frame="0" z_index="1" m_a="0.236595" m_b="0.000000" m_c="0.000000" m_d="0.244392" m_tx="-0.032354" m_ty="-3.246896"/>
  </frame>
  <frame idx="175" w="860" h="1118" x="-496.900116" y="-770.803894">
   <element name="locust_mob" layername="locust" frame="0" z_index="1" m_a="0.236595" m_b="0.000000" m_c="0.000000" m_d="0.244392" m_tx="-0.032354" m_ty="-3.246896"/>
  </frame>
  <frame idx="200" w="860" h="1118" x="-496.900116" y="-770.803894">
   <element name="locust_mob" layername="locust" frame="0" z_index="1" m_a="0.236595" m_b="0.000000" m_c="0.000000" m_d="0.244392" m_tx="-0.032354" m_ty="-3.246896"/>
  </frame>
  <frame idx="225" w="860" h="1118" x="-496.900116" y="-770.803894">
   <element name="locust_mob" layername="locust" frame="0" z_index="1" m_a="0.236595" m_b="0.000000" m_c="0.000000" m_d="0.244392" m_tx="-0.032354" m_ty="-3.246896"/>
  </frame>
  <frame idx="250" w="860" h="1118" x="-496.900116" y="-770.803894">
   <element name="locust_mob" layername="locust" frame="0" z_index="1" m_a="0.236595" m_b="0.000000" m_c="0.000000" m_d="0.244392" m_tx="-0.032354" m_ty="-3.246896"/>
  </frame>
  <frame idx="275" w="860" h="1118" x="-496.900116" y="-770.803894">
   <element name="locust_mob" layername="locust" frame="0" z_index="1" m_a="0.236595" m_b="0.000000" m_c="0.000000" m_d="0.244392" m_tx="-0.032354" m_ty="-3.246896"/>
  </frame>
  <frame idx="300" w="860" h="1118" x="-496.900116" y="-770.803894">
   <element name="locust_mob" layername="locust" frame="0" z_index="1" m_a="0.236595" m_b="0.000000" m_c="0.000000" m_d="0.244392" m_tx="-0.032354" m_ty="-3.246896"/>
  </frame>
  <frame idx="325" w="860" h="1118" x="-496.900116" y="-770.803894">
   <element name="locust_mob" layername="locust" frame="0" z_index="1" m_a="0.236595" m_b="0.000000" m_c="0.000000" m_d="0.244392" m_tx="-0.032354" m_ty="-3.246896"/>
  </frame>
  <frame idx="350" w="860" h="1118" x="-496.900116" y="-770.803894">
   <element name="locust_mob" layername="locust" frame="0" z_index="1" m_a="0.236595" m_b="0.000000" m_c="0.000000" m_d="0.244392" m_tx="-0.032354" m_ty="-3.246896"/>
  </frame>
  <frame idx="375" w="860" h="1118" x="-496.900116" y="-770.803894">
   <element name="locust_mob" layername="locust" frame="0" z_index="1" m_a="0.236595" m_b="0.000000" m_c="0.000000" m_d="0.244392" m_tx="-0.032354" m_ty="-3.246896"/>
  </frame>
  <frame idx="400" w="860" h="1118" x="-496.900116" y="-770.803894">
   <element name="locust_mob" layername="locust" frame="0" z_index="1" m_a="0.236595" m_b="0.000000" m_c="0.000000" m_d="0.244392" m_tx="-0.032354" m_ty="-3.246896"/>
  </frame>
  <frame idx="425" w="860" h="1118" x="-496.900116" y="-770.803894">
   <element name="locust_mob" layername="locust" frame="0" z_index="1" m_a="0.236595" m_b="0.000000" m_c="0.000000" m_d="0.244392" m_tx="-0.032354" m_ty="-3.246896"/>
  </frame>
  <frame idx="450" w="860" h="1118" x="-496.900116" y="-770.803894">
   <element name="locust_mob" layername="locust" frame="0" z_index="1" m_a="0.236595" m_b="0.000000" m_c="0.000000" m_d="0.244392" m_tx="-0.032354" m_ty="-3.246896"/>
  </frame>
  <frame idx="475" w="860" h="1118" x="-496.900116" y="-770.803894">
   <element name="locust_mob" layername="locust" frame="0" z_index="1" m_a="0.236595" m_b="0.000000" m_c="0.000000" m_d="0.244392" m_tx="-0.032354" m_ty="-3.246896"/>
  </frame>
  <frame idx="500" w="860" h="1118" x="-496.900116" y="-770.803894">
   <element name="locust_mob" layername="locust" frame="0" z_index="1" m_a="0.236595" m_b="0.000000" m_c="0.000000" m_d="0.244392" m_tx="-0.032354" m_ty="-3.246896"/>
  </frame>
  <frame idx="525" w="860" h="1118" x="-496.900116" y="-770.803894">
   <element name="locust_mob" layername="locust" frame="0" z_index="1" m_a="0.236595" m_b="0.000000" m_c="0.000000" m_d="0.244392" m_tx="-0.032354" m_ty="-3.246896"/>
  </frame>
  <frame idx="550" w="860" h="1118" x="-496.900116" y="-770.803894">
   <element name="locust_mob" layername="locust" frame="0" z_index="1" m_a="0.236595" m_b="0.000000" m_c="0.000000" m_d="0.244392" m_tx="-0.032354" m_ty="-3.246896"/>
  </frame>
  <frame idx="575" w="860" h="1118" x="-496.900116" y="-770.803894">
   <element name="locust_mob" layername="locust" frame="0" z_index="1" m_a="0.236595" m_b="0.000000" m_c="0.000000" m_d="0.244392" m_tx="-0.032354" m_ty="-3.246896"/>
  </frame>
  <frame idx="600" w="860" h="1118" x="-496.900116" y="-770.803894">
   <element name="locust_mob" layername="locust" frame="0" z_index="1" m_a="0.236595" m_b="0.000000" m_c="0.000000" m_d="0.244392" m_tx="-0.032354" m_ty="-3.246896"/>
  </frame>
  <frame idx="625" w="860" h="1118" x="-496.900116" y="-770.803894">
   <element name="locust_mob" layername="locust" frame="0" z_index="1" m_a="0.236595" m_b="0.000000" m_c="0.000000" m_d="0.244392" m_tx="-0.032354" m_ty="-3.246896"/>
  </frame>
  <frame idx="650" w="860" h="1118" x="-496.900116" y="-770.803894">
   <element name="locust_mob" layername="locust" frame="0" z_index="1" m_a="0.236595" m_b="0.000000" m_c="0.000000" m_d="0.244392" m_tx="-0.032354" m_ty="-3.246896"/>
  </frame>
  <frame idx="675" w="860" h="1118" x="-496.900116" y="-770.803894">
   <element name="locust_mob" layername="locust" frame="0" z_index="1" m_a="0.236595" m_b="0.000000" m_c="0.000000" m_d="0.244392" m_tx="-0.032354" m_ty="-3.246896"/>
  </frame>
  <frame idx="700" w="860" h="1118" x="-496.900116" y="-770.803894">
   <element name="locust_mob" layername="locust" frame="0" z_index="1" m_a="0.236595" m_b="0.000000" m_c="0.000000" m_d="0.244392" m_tx="-0.032354" m_ty="-3.246896"/>
  </frame>
  <frame idx="725" w="860" h="1118" x="-496.900116" y="-770.803894">
   <element name="locust_mob" layername="locust" frame="0" z_index="1" m_a="0.236595" m_b="0.000000" m_c="0.000000" m_d="0.244392" m_tx="-0.032354" m_ty="-3.246896"/>
  </frame>
  <frame idx="750" w="860" h="1118" x="-496.900116" y="-770.803894">
   <element name="locust_mob" layername="locust" frame="0" z_index="1" m_a="0.236595" m_b="0.000000" m_c="0.000000" m_d="0.244392" m_tx="-0.032354" m_ty="-3.246896"/>
  </frame>
  <frame idx="775" w="860" h="1118" x="-496.900116" y="-770.803894">
   <element name="locust_mob" layername="locust" frame="0" z_index="1" m_a="0.236595" m_b="0.000000" m_c="0.000000" m_d="0.244392" m_tx="-0.032354" m_ty="-3.246896"/>
  </frame>
  <frame idx="800" w="860" h="1118" x="-496.900116" y="-770.803894">
   <element name="locust_mob" layername="locust" frame="0" z_index="1" m_a="0.236595" m_b="0.000000" m_c="0.000000" m_d="0.244392" m_tx="-0.032354" m_ty="-3.246896"/>
  </frame>
  <frame idx="825" w="860" h="1118" x="-496.900116" y="-770.803894">
   <element name="locust_mob" layername="locust" frame="0" z_index="1" m_a="0.236595" m_b="0.000000" m_c="0.000000" m_d="0.244392" m_tx="-0.032354" m_ty="-3.246896"/>
  </frame>
  <frame idx="850" w="860" h="1118" x="-496.900116" y="-770.803894">
   <element name="locust_mob" layername="locust" frame="0" z_index="1" m_a="0.236595" m_b="0.000000" m_c="0.000000" m_d="0.244392" m_tx="-0.032354" m_ty="-3.246896"/>
  </frame>
  <frame idx="875" w="860" h="1118" x="-496.900116" y="-770.803894">
   <element name="locust_mob" layername="locust" frame="0" z_index="1" m_a="0.236595" m_b="0.000000" m_c="0.000000" m_d="0.244392" m_tx="-0.032354" m_ty="-3.246896"/>
  </frame>
  <frame idx="900" w="860" h="1118" x="-496.900116" y="-770.803894">
   <element name="locust_mob" layername="locust" frame="0" z_index="1" m_a="0.236595" m_b="0.000000" m_c="0.000000" m_d="0.244392" m_tx="-0.032354" m_ty="-3.246896"/>
  </frame>
  <frame idx="925" w="860" h="1118" x="-496.900116" y="-770.803894">
   <element name="locust_mob" layername="locust" frame="0" z_index="1" m_a="0.236595" m_b="0.000000" m_c="0.000000" m_d="0.244392" m_tx="-0.032354" m_ty="-3.246896"/>
  </frame>
  <frame idx="950" w="860" h="1118" x="-496.900116" y="-770.803894">
   <element name="locust_mob" layername="locust" frame="0" z_index="1" m_a="0.236595" m_b="0.000000" m_c="0.000000" m_d="0.244392" m_tx="-0.032354" m_ty="-3.246896"/>
  </frame>
  <frame idx="975" w="860" h="1118" x="-496.900116" y="-770.803894">
   <element name="locust_mob" layername="locust" frame="0" z_index="1" m_a="0.236595" m_b="0.000000" m_c="0.000000" m_d="0.244392" m_tx="-0.032354" m_ty="-3.246896"/>
  </frame>
 </anim>
</Anims>
